{"stat.useItem.397":4,"stat.breakItem.290":11,"stat.walkOneCm":945705,"stat.craftItem.268":1,"achievement.buildHoe":21,"stat.useItem.autogen.Natura:BerryBush":43,"stat.leaveGame":1,"stat.mineBlock.175":49,"stat.mineBlock.autogen.harvestcraft:berrygarden":1,"stat.mineBlock.82":45,"stat.craftItem.339":16,"stat.mineBlock.autogen.Natura:BerryBush":43,"stat.mineBlock.58":1,"stat.mineBlock.13":123,"stat.mineBlock.18":31,"stat.mineBlock.17":88,"stat.useItem.72":1,"stat.swimOneCm":32586,"stat.jump":1416,"stat.fallOneCm":38690,"stat.climbOneCm":370,"stat.mineBlock.autogen.OpenBlocks:grave":4,"stat.craftItem.290":11,"achievement.buildWorkBench":5,"achievement.killCow":1,"achievement.buildSword":1,"achievement.mineWood":85,"stat.craftItem.1":26,"gtpp.start":3,"stat.mineBlock.50":1,"stat.useItem.290":143,"stat.entityKilledBy.SpecialMobs.GiantZombie":1,"achievement.exploreAllBiomes":{"value":0,"progress":["Garden","Temperate River","Shield","Eerie","Temperate Forest","Redwood Forest","Highland"]},"stat.useItem.35":1,"stat.mineBlock.12":23,"stat.useItem.autogen.BiomesOPlenty:food":1,"stat.entityKilledBy.SpecialMobs.FireZombie":2,"stat.breakItem.270":7,"stat.craftItem.autogen.gregtech:gt.metaitem.01":120,"achievement.openInventory":103,"stat.craftItem.5":270,"stat.useItem.81":6,"stat.craftItem.280":100,"stat.damageTaken":5128,"stat.mineBlock.4":70,"stat.craftItem.autogen.IguanaTweaksTConstruct:clayBucketFired":2,"stat.entityKilledBy.SpecialMobs.GravityCreeper":1,"stat.mineBlock.3":514,"stat.mineBlock.1":865,"stat.killEntity.SpecialMobs.FireZombie":1,"stat.mobKills":7,"stat.mineBlock.autogen.gregtech:gt.blockores":7,"stat.killEntity.SpecialMobs.PoisonSkeleton":1,"achievement.killEnemy":2,"stat.craftItem.autogen.gregtech:gt.metatool.01":3,"stat.useItem.autogen.harvestcraft:berrygarden":1,"stat.useItem.54":3,"stat.flyOneCm":315706,"stat.craftItem.58":2,"stat.useItem.6":16,"stat.deaths":6,"stat.drop":60,"stat.useItem.50":5,"achievement.buildPickaxe":41,"stat.useItem.269":641,"stat.useItem.268":14,"stat.playOneMinute":184052,"stat.entityKilledBy.Zombie":1,"stat.mineBlock.autogen.BiomesOPlenty:foliage":233,"stat.mineBlock.autogen.BiomesOPlenty:plants":1,"stat.craftItem.50":16,"stat.killEntity.Sheep":5,"stat.useItem.4":107,"stat.useItem.5":12,"stat.craftItem.270":26,"stat.breakItem.269":2,"stat.craftItem.54":2,"stat.useItem.3":182,"stat.craftItem.271":1,"stat.damageDealt":1055,"stat.craftItem.269":13,"stat.mineBlock.30":3,"stat.craftItem.autogen.IguanaTweaksTConstruct:clayBucketUnfired":2,"stat.useItem.13":3,"stat.useItem.270":971,"stat.diveOneCm":12426,"stat.mineBlock.31":480,"stat.useItem.58":3,"gettingstartedwithgt":26,"stat.useItem.271":114,"stat.useItem.392":13}