{"stat.craftItem.autogen.etfuturum:white_bed":1,"stat.entityKilledBy.SpecialMobs.CursedEnderman":1,"stat.useItem.67":18,"stat.useItem.61":1,"stat.craftItem.61":1,"stat.craftItem.67":52,"stat.leaveGame":1,"stat.mineBlock.82":32,"stat.mineBlock.13":85,"stat.useItem.autogen.etfuturum:white_bed":3,"stat.mineBlock.18":121,"stat.mineBlock.17":376,"stat.jump":1443,"stat.entityKilledBy.SpecialMobs.DeathCreeper":1,"stat.swimOneCm":34714,"stat.fallOneCm":29398,"stat.mineBlock.autogen.OpenBlocks:grave":12,"stat.craftItem.171":4,"achievement.buildWorkBench":1,"stat.craftItem.1":20,"gtpp.start":14,"achievement.exploreAllBiomes":{"value":0,"progress":["Dead Forest","Meadow","Temperate River","Shield","Temperate Forest","Highland"]},"stat.mineBlock.12":128,"stat.entityKilledBy.SpecialMobs.FireZombie":1,"stat.craftItem.autogen.TConstruct:trap.barricade.oak":2,"stat.craftItem.85":4,"stat.craftItem.5":214,"stat.entityKilledBy.SpecialMobs.JumpingCreeper":1,"stat.damageTaken":7981,"stat.mineBlock.4":82,"stat.mineBlock.3":438,"stat.mineBlock.1":557,"stat.mineBlock.autogen.gregtech:gt.blockores":4,"stat.mineBlock.67":5,"stat.mineBlock.6":2,"stat.useItem.autogen.IC2:blockRubSapling":1,"stat.useItem.autogen.harvestcraft:berrygarden":1,"stat.useItem.54":5,"stat.flyOneCm":830768,"stat.useItem.50":9,"achievement.buildPickaxe":14,"stat.mineBlock.autogen.BiomesOPlenty:plants":1,"stat.mineBlock.autogen.BiomesOPlenty:foliage":32,"stat.entityKilledBy.Zombie":4,"stat.damageDealt":1508,"gettingstartedwithgt":9,"stat.useItem.397":5,"stat.walkOneCm":1214846,"stat.useItem.autogen.Natura:BerryBush":40,"stat.mineBlock.175":3,"stat.mineBlock.autogen.Natura:BerryBush":40,"achievement.mineWood":373,"stat.mineBlock.50":3,"stat.entityKilledBy.SpecialMobs.GiantZombie":1,"stat.mineBlock.54":1,"stat.breakItem.270":7,"stat.breakItem.271":3,"achievement.openInventory":148,"stat.craftItem.280":98,"stat.mobKills":8,"stat.killEntity.SpecialMobs.PoisonSkeleton":1,"stat.craftItem.autogen.gregtech:gt.metatool.01":1,"stat.mineBlock.35":1,"achievement.buildFurnace":2,"stat.useItem.6":86,"stat.deaths":12,"stat.drop":152,"stat.useItem.269":601,"stat.playOneMinute":308719,"stat.killEntity.Sheep":6,"stat.useItem.4":2640,"stat.craftItem.54":4,"stat.craftItem.270":9,"stat.breakItem.269":10,"stat.useItem.3":59,"stat.craftItem.271":8,"stat.killEntity.Zombie":1,"stat.craftItem.269":10,"stat.useItem.17":2,"stat.useItem.270":656,"stat.useItem.13":3,"stat.mineBlock.31":66,"stat.diveOneCm":30534,"stat.useItem.271":418,"stat.useItem.392":26}