{"stat.leaveGame":2,"stat.craftItem.339":16,"stat.mineBlock.13":133,"stat.mineBlock.18":34,"stat.mineBlock.17":102,"stat.swimOneCm":32586,"stat.climbOneCm":370,"achievement.buildWorkBench":6,"gtpp.start":3,"achievement.exploreAllBiomes":{"value":0,"progress":["Garden","Temperate River","Shield","Eerie","Temperate Forest","Redwood Forest","Highland"]},"stat.mineBlock.12":23,"stat.craftItem.autogen.gregtech:gt.metaitem.01":120,"stat.mineBlock.4":70,"stat.entityKilledBy.SpecialMobs.GravityCreeper":1,"stat.mineBlock.3":577,"stat.mineBlock.1":1218,"stat.flyOneCm":319090,"achievement.buildPickaxe":54,"stat.mineBlock.autogen.BiomesOPlenty:foliage":234,"stat.mineBlock.autogen.BiomesOPlenty:plants":1,"stat.craftItem.autogen.IguanaTweaksTConstruct:clayBucketUnfired":2,"gettingstartedwithgt":35,"stat.breakItem.290":11,"stat.useItem.autogen.Natura:BerryBush":43,"stat.mineBlock.175":49,"achievement.buildSword":1,"achievement.mineWood":100,"stat.useItem.autogen.BiomesOPlenty:food":1,"stat.breakItem.270":7,"achievement.openInventory":111,"stat.useItem.81":6,"achievement.killEnemy":2,"stat.craftItem.autogen.gregtech:gt.metatool.01":3,"stat.craftItem.58":3,"stat.deaths":6,"stat.drop":65,"stat.playOneMinute":207091,"stat.craftItem.50":16,"stat.killEntity.Sheep":5,"stat.breakItem.269":2,"stat.craftItem.54":2,"stat.diveOneCm":12426,"achievement.buildHoe":21,"stat.mineBlock.82":45,"stat.useItem.72":1,"stat.jump":1550,"stat.fallOneCm":39926,"stat.mineBlock.autogen.OpenBlocks:grave":4,"stat.craftItem.290":11,"achievement.killCow":1,"stat.craftItem.1":26,"stat.entityKilledBy.SpecialMobs.FireZombie":2,"stat.craftItem.5":278,"stat.damageTaken":5178,"stat.craftItem.autogen.IguanaTweaksTConstruct:clayBucketFired":2,"stat.mineBlock.autogen.gregtech:gt.blockores":7,"stat.useItem.autogen.harvestcraft:berrygarden":1,"stat.useItem.54":3,"stat.useItem.50":5,"stat.entityKilledBy.Zombie":1,"stat.damageDealt":1055,"stat.useItem.58":4,"stat.useItem.397":4,"stat.walkOneCm":1040963,"stat.craftItem.268":1,"stat.mineBlock.autogen.harvestcraft:berrygarden":1,"stat.mineBlock.autogen.Natura:BerryBush":43,"stat.mineBlock.58":2,"stat.mineBlock.50":1,"stat.useItem.290":143,"stat.entityKilledBy.SpecialMobs.GiantZombie":1,"stat.useItem.35":1,"stat.craftItem.280":114,"stat.killEntity.SpecialMobs.FireZombie":1,"stat.mobKills":7,"stat.killEntity.SpecialMobs.PoisonSkeleton":1,"stat.useItem.6":16,"stat.useItem.269":717,"stat.useItem.268":14,"stat.useItem.4":107,"stat.useItem.5":12,"stat.craftItem.270":35,"stat.useItem.3":183,"stat.craftItem.271":1,"stat.craftItem.269":17,"stat.mineBlock.30":3,"stat.useItem.13":3,"stat.useItem.270":1326,"stat.mineBlock.31":480,"stat.useItem.271":131,"stat.useItem.392":13}