{"stat.craftItem.61":2,"stat.killEntity.SpecialMobs.MotherCaveSpider":2,"stat.craftItem.67":52,"stat.leaveGame":2,"stat.entityKilledBy.SpecialMobs.PlagueZombie":2,"stat.entityKilledBy.SpecialMobs.WitchCaveSpider":2,"stat.craftItem.339":16,"stat.mineBlock.13":107,"stat.killEntity.SpecialMobs.FlyingCaveSpider":1,"stat.useItem.autogen.etfuturum:white_bed":3,"stat.mineBlock.18":289,"stat.mineBlock.17":647,"stat.entityKilledBy.SpecialMobs.DeathCreeper":1,"stat.swimOneCm":63808,"stat.mineBlock.autogen.TConstruct:ToolStationBlock":10,"stat.mineBlock.autogen.etfuturum:deepslate":69,"stat.climbOneCm":529,"achievement.buildWorkBench":8,"gtpp.start":94,"achievement.exploreAllBiomes":{"value":0,"progress":["Dead Forest","Meadow","Temperate River","Shield","Temperate Forest","Highland"]},"stat.mineBlock.12":285,"stat.craftItem.autogen.gregtech:gt.metaitem.01":102,"stat.craftItem.autogen.TConstruct:trap.barricade.oak":2,"stat.craftItem.85":4,"stat.entityKilledBy.SpecialMobs.PoisonSilverfish":2,"stat.craftItem.autogen.TConstruct:blankPattern":8,"stat.entityKilledBy.SpecialMobs.JumpingCreeper":1,"stat.mineBlock.4":207,"stat.mineBlock.3":497,"stat.killEntity.SpecialMobs.BrutishSkeleton":1,"stat.mineBlock.1":720,"stat.killEntity.SpecialMobs.FlyingSilverfish":5,"serverutilities.stat.time_afk":1190,"stat.killEntity.SpecialMobs.PlagueZombie":1,"stat.mineBlock.6":4,"stat.flyOneCm":1013588,"stat.killEntity.SpecialMobs.BlindingSilverfish":5,"achievement.buildPickaxe":14,"stat.mineBlock.autogen.BiomesOPlenty:plants":1,"stat.mineBlock.autogen.BiomesOPlenty:foliage":50,"stat.killEntity.SpecialMobs.WebCaveSpider":3,"stat.useItem.autogen.etfuturum:cobbled_deepslate":13,"gettingstartedwithgt":9,"stat.killEntity.Bat":1,"stat.useItem.autogen.Natura:BerryBush":40,"stat.mineBlock.175":4,"stat.craftItem.autogen.TConstruct:ToolStationBlock":6,"stat.killEntity.SpecialMobs.FlyingSpider":1,"stat.entityKilledBy.Skeleton":2,"achievement.mineWood":624,"stat.killEntity.SpecialMobs.GatlingSkeleton":1,"stat.entityKilledBy.SpecialMobs.MotherCaveSpider":2,"stat.entityKilledBy.SpecialMobs.GatlingSkeleton":1,"stat.breakItem.270":7,"stat.breakItem.271":3,"achievement.openInventory":405,"stat.killEntity.SpecialMobs.PoisonSpider":1,"stat.craftItem.autogen.gregtech:gt.metatool.01":2,"achievement.buildFurnace":4,"stat.useItem.98":18,"stat.killEntity.SpecialMobs.ToughSilverfish":2,"stat.craftItem.58":3,"stat.deaths":49,"stat.drop":775,"stat.playOneMinute":613407,"stat.killEntity.Sheep":6,"stat.craftItem.54":8,"stat.breakItem.269":10,"stat.killEntity.SpecialMobs.GiantZombie":4,"stat.killEntity.SpecialMobs.SpitfireSkeleton":1,"stat.killEntity.Zombie":7,"stat.diveOneCm":46278,"stat.killEntity.SpecialMobs.DesertSpider":1,"stat.craftItem.autogen.etfuturum:white_bed":1,"stat.entityKilledBy.SpecialMobs.CursedEnderman":1,"stat.useItem.67":45,"stat.useItem.61":3,"stat.useItem.autogen.TConstruct:shovel":249,"stat.killEntity.SpecialMobs.BabyCaveSpider":3,"stat.useItem.autogen.TConstruct:pickaxe":532,"stat.killEntity.Slime":1,"stat.entityKilledBy.SpecialMobs.PoisonSpider":1,"stat.mineBlock.82":72,"stat.killEntity.SpecialMobs.PoisonSilverfish":4,"stat.mineBlock.87":2,"stat.mineBlock.autogen.Railcraft:cube":1,"stat.killEntity.SpecialMobs.FishingSilverfish":5,"stat.jump":2875,"stat.entityKilledBy.SpecialMobs.BrutishSkeleton":4,"stat.fallOneCm":65693,"stat.mineBlock.autogen.OpenBlocks:grave":47,"stat.craftItem.171":4,"stat.entityKilledBy.CaveSpider":1,"stat.killEntity.SpecialMobs.BabySpider":11,"stat.craftItem.1":20,"stat.entityKilledBy.SpecialMobs.SmallSpider":1,"stat.mineBlock.98":67,"stat.mineBlock.97":5,"stat.entityKilledBy.SpecialMobs.FireZombie":2,"stat.craftItem.5":306,"stat.damageTaken":45678,"stat.mineBlock.61":1,"stat.mineBlock.autogen.gregtech:gt.blockores":22,"stat.mineBlock.67":13,"stat.useItem.autogen.IC2:blockRubSapling":1,"stat.useItem.autogen.harvestcraft:berrygarden":1,"stat.useItem.54":20,"stat.killEntity.CaveSpider":4,"stat.useItem.50":60,"stat.entityKilledBy.Zombie":4,"stat.damageDealt":48987,"stat.killEntity.SpecialMobs.LemonSlime":13,"stat.mineBlock.70":3,"stat.killEntity.Silverfish":5,"stat.mineBlock.72":1,"stat.useItem.autogen.TConstruct:ToolStationBlock":16,"stat.mineBlock.47":1,"stat.useItem.274":11,"stat.useItem.autogen.TConstruct:hatchet":243,"stat.mineBlock.autogen.etfuturum:smooth_stone":2,"stat.useItem.397":8,"stat.useItem.276":358,"stat.killEntity.SpecialMobs.SniperSkeleton":1,"stat.mineBlock.48":7,"stat.walkOneCm":3133798,"stat.entityKilledBy.SpecialMobs.MotherSpider":1,"stat.playerKills":1,"stat.killEntity.RandomThings.spirit":3,"stat.killEntity.SpecialMobs.FireCreeper":1,"stat.entityKilledBy.SpecialMobs.PoisonSkeleton":1,"stat.mineBlock.45":8,"stat.mineBlock.44":4,"stat.mineBlock.autogen.Natura:BerryBush":40,"stat.mineBlock.58":1,"stat.killEntity.SpecialMobs.FishingZombie":2,"stat.mineBlock.autogen.etfuturum:cobbled_deepslate":13,"stat.mineBlock.101":8,"stat.mineBlock.50":19,"stat.mineBlock.108":1,"stat.entityKilledBy.SpecialMobs.GiantZombie":3,"stat.mineBlock.106":8,"stat.mineBlock.54":16,"stat.mineBlock.109":1,"stat.killEntity.Skeleton":3,"stat.killEntity.SpecialMobs.MotherSpider":1,"stat.entityKilledBy.SpecialMobs.BrutishZombie":3,"stat.craftItem.280":122,"stat.killEntity.Spider":6,"stat.killEntity.SpecialMobs.FireZombie":5,"stat.mobKills":119,"stat.killEntity.SpecialMobs.PoisonSkeleton":1,"stat.mineBlock.35":1,"stat.useItem.6":214,"stat.killEntity.SpecialMobs.WebSpider":3,"stat.killEntity.SpecialMobs.BrutishZombie":1,"stat.useItem.269":601,"stat.useItem.268":19,"stat.entityKilledBy.Silverfish":2,"stat.useItem.4":2922,"stat.craftItem.270":9,"stat.useItem.3":93,"stat.craftItem.271":11,"stat.killEntity.SpecialMobs.ToughSpider":1,"stat.craftItem.269":10,"stat.useItem.17":7,"stat.mineBlock.30":14,"stat.useItem.270":656,"stat.useItem.13":5,"stat.mineBlock.31":93,"stat.useItem.272":68,"stat.useItem.271":543,"stat.useItem.392":26}