{"stat.useItem.355":1,"stat.useItem.autogen.Railcraft:machine.alpha":52,"stat.killEntity.SpecialMobs.MotherCaveSpider":2,"stat.craftItem.61":1,"stat.leaveGame":4,"stat.entityKilledBy.SpecialMobs.WitchCaveSpider":1,"stat.entityKilledBy.SpecialMobs.FishingZombie":2,"stat.craftItem.autogen.Railcraft:machine.alpha":54,"stat.craftItem.339":16,"stat.mineBlock.13":307,"stat.killEntity.SpecialMobs.FlyingCaveSpider":1,"stat.mineBlock.18":80,"stat.mineBlock.17":184,"stat.swimOneCm":76078,"stat.mineBlock.autogen.TConstruct:ToolStationBlock":11,"stat.climbOneCm":410,"stat.mineBlock.autogen.etfuturum:deepslate":153,"achievement.buildWorkBench":7,"stat.mineBlock.145":1,"gtpp.start":49,"achievement.exploreAllBiomes":{"value":0,"progress":["Garden","Temperate River","Shield","Eerie","Temperate Forest","Redwood Forest","Highland"]},"stat.entityKilledBy.SpecialMobs.NinjaSkeleton":1,"stat.mineBlock.12":136,"stat.craftItem.autogen.gregtech:gt.metaitem.01":120,"stat.entityKilledBy.Spider":1,"stat.mineBlock.4":192,"stat.entityKilledBy.SpecialMobs.GravityCreeper":1,"stat.mineBlock.3":701,"stat.killEntity.SpecialMobs.BrutishSkeleton":2,"stat.mineBlock.1":2089,"stat.killEntity.SpecialMobs.FlyingSilverfish":1,"stat.killEntity.SpecialMobs.PlagueZombie":5,"stat.flyOneCm":392276,"stat.useItem.101":6,"achievement.buildPickaxe":73,"stat.killEntity.Witch":1,"stat.mineBlock.autogen.BiomesOPlenty:foliage":256,"stat.mineBlock.autogen.BiomesOPlenty:plants":1,"stat.killEntity.SpecialMobs.NinjaSkeleton":3,"stat.useItem.109":6,"stat.entityKilledBy.SpecialMobs.ToughSilverfish":1,"stat.useItem.autogen.etfuturum:cobbled_deepslate":98,"stat.mineBlock.123":1,"stat.entityKilledBy.SpecialMobs.BabyCaveSpider":2,"stat.craftItem.autogen.IguanaTweaksTConstruct:clayBucketUnfired":2,"stat.killEntity.SpecialMobs.SmallSpider":4,"gettingstartedwithgt":48,"stat.breakItem.290":11,"stat.killEntity.Bat":1,"stat.useItem.autogen.Natura:BerryBush":56,"stat.breakItem.299":1,"stat.mineBlock.175":50,"stat.craftItem.autogen.dreamcraft:item.CokeOvenBrick":252,"stat.killEntity.SpecialMobs.FlyingSpider":3,"achievement.buildSword":1,"achievement.mineWood":183,"stat.killEntity.SpecialMobs.GatlingSkeleton":2,"stat.entityKilledBy.SpecialMobs.GhostSpider":1,"stat.entityKilledBy.SpecialMobs.GatlingSkeleton":2,"stat.useItem.autogen.BiomesOPlenty:food":1,"stat.craftItem.autogen.dreamcraft:item.WoodenBrickForm":1,"stat.breakItem.270":13,"stat.breakItem.271":1,"achievement.openInventory":387,"stat.killEntity.SpecialMobs.PoisonSpider":5,"stat.useItem.81":6,"stat.mineBlock.154":6,"stat.entityKilledBy.SpecialMobs.SniperSkeleton":1,"achievement.killEnemy":133,"stat.craftItem.autogen.gregtech:gt.metatool.01":4,"stat.useItem.98":77,"stat.killEntity.SpecialMobs.ToughSilverfish":2,"achievement.buildFurnace":2,"stat.craftItem.58":3,"stat.deaths":32,"stat.drop":483,"stat.killEntity.SpecialMobs.FireSkeleton":2,"stat.playOneMinute":542907,"stat.craftItem.50":139,"stat.killEntity.Sheep":5,"stat.breakItem.269":2,"stat.craftItem.54":7,"stat.killEntity.SpecialMobs.GiantZombie":5,"stat.killEntity.SpecialMobs.SpitfireSkeleton":3,"stat.killEntity.Zombie":16,"stat.diveOneCm":34392,"stat.killEntity.SpecialMobs.DesertSpider":1,"stat.useItem.67":1,"stat.useItem.61":1,"stat.useItem.autogen.TConstruct:shovel":321,"stat.killEntity.SpecialMobs.BabyCaveSpider":7,"achievement.buildHoe":21,"stat.useItem.autogen.TConstruct:pickaxe":1000,"stat.killEntity.SpecialMobs.GiantSpider":2,"stat.mineBlock.82":69,"stat.killEntity.SpecialMobs.PoisonSilverfish":3,"stat.mineBlock.autogen.Railcraft:cube":26,"stat.mineBlock.86":1,"stat.mineBlock.89":4,"stat.killEntity.SpecialMobs.FishingSilverfish":2,"stat.craftItem.autogen.dreamcraft:item.UnfiredCokeOvenBrick":252,"stat.useItem.72":1,"stat.jump":2884,"stat.useItem.401":1,"stat.killEntity.SpecialMobs.ToughCaveSpider":1,"stat.entityKilledBy.SpecialMobs.BrutishSkeleton":3,"stat.fallOneCm":70446,"stat.mineBlock.autogen.OpenBlocks:grave":30,"stat.craftItem.290":11,"achievement.killCow":6,"stat.killEntity.SpecialMobs.BabySpider":3,"stat.craftItem.1":26,"stat.mineBlock.98":116,"stat.mineBlock.97":6,"stat.entityKilledBy.SpecialMobs.FireZombie":3,"stat.useItem.autogen.Railcraft:cube":26,"stat.craftItem.5":628,"stat.damageTaken":29816,"stat.craftItem.autogen.IguanaTweaksTConstruct:clayBucketFired":2,"stat.mineBlock.61":2,"stat.mineBlock.autogen.gregtech:gt.blockores":32,"stat.useItem.autogen.etfuturum:smooth_stone":84,"stat.mineBlock.67":8,"stat.useItem.48":1,"stat.useItem.autogen.harvestcraft:berrygarden":1,"stat.useItem.54":30,"stat.killEntity.CaveSpider":1,"stat.useItem.50":196,"stat.entityKilledBy.Zombie":1,"stat.damageDealt":73727,"stat.mineBlock.70":1,"stat.killEntity.Silverfish":10,"stat.useItem.58":6,"stat.useItem.autogen.TConstruct:ToolStationBlock":11,"stat.mineBlock.47":6,"stat.useItem.autogen.TConstruct:hatchet":62,"stat.mineBlock.autogen.etfuturum:smooth_stone":14,"stat.useItem.397":17,"stat.useItem.276":658,"stat.killEntity.SpecialMobs.SniperSkeleton":1,"stat.mineBlock.48":23,"stat.walkOneCm":3009001,"stat.craftItem.268":1,"stat.playerKills":4,"stat.mineBlock.autogen.harvestcraft:berrygarden":1,"stat.killEntity.SpecialMobs.PaleSpider":2,"stat.mineBlock.44":71,"stat.mineBlock.autogen.Natura:BerryBush":60,"stat.mineBlock.58":4,"stat.killEntity.SpecialMobs.FishingZombie":6,"stat.mineBlock.103":1,"stat.mineBlock.101":11,"stat.mineBlock.50":14,"stat.useItem.290":143,"stat.entityKilledBy.SpecialMobs.GiantZombie":2,"stat.mineBlock.106":5,"stat.useItem.35":1,"stat.mineBlock.54":25,"stat.mineBlock.109":7,"stat.killEntity.SpecialMobs.WitchSpider":4,"stat.killEntity.Skeleton":9,"stat.killEntity.SpecialMobs.MotherSpider":1,"stat.entityKilledBy.SpecialMobs.BrutishZombie":1,"stat.killEntity.Chicken":1,"stat.craftItem.280":194,"stat.breakItem.312":1,"stat.killEntity.Spider":6,"stat.breakItem.306":1,"stat.killEntity.SpecialMobs.FireZombie":3,"stat.mobKills":146,"stat.killEntity.SpecialMobs.PoisonSkeleton":3,"stat.mineBlock.23":1,"stat.craftItem.393":66,"stat.useItem.6":24,"stat.killEntity.SpecialMobs.BrutishZombie":10,"stat.useItem.267":10,"stat.mineBlock.39":1,"stat.useItem.269":768,"stat.useItem.268":29,"stat.entityKilledBy.Silverfish":2,"stat.useItem.4":275,"stat.useItem.5":12,"stat.craftItem.270":48,"stat.useItem.3":229,"stat.craftItem.271":6,"stat.killEntity.SpecialMobs.ToughSpider":1,"stat.craftItem.269":19,"stat.mineBlock.30":18,"stat.useItem.13":12,"stat.useItem.270":1873,"stat.mineBlock.31":490,"stat.useItem.271":202,"stat.useItem.392":116}