{"stat.leaveGame":4,"stat.entityKilledBy.SpecialMobs.WitchCaveSpider":1,"stat.entityKilledBy.SpecialMobs.FishingZombie":2,"stat.craftItem.339":16,"stat.mineBlock.13":300,"stat.killEntity.SpecialMobs.FlyingCaveSpider":1,"stat.mineBlock.18":79,"stat.mineBlock.17":169,"stat.swimOneCm":37198,"stat.mineBlock.autogen.TConstruct:ToolStationBlock":7,"stat.climbOneCm":410,"stat.mineBlock.autogen.etfuturum:deepslate":153,"achievement.buildWorkBench":6,"gtpp.start":22,"achievement.exploreAllBiomes":{"value":0,"progress":["Garden","Temperate River","Shield","Eerie","Temperate Forest","Redwood Forest","Highland"]},"stat.mineBlock.12":23,"stat.craftItem.autogen.gregtech:gt.metaitem.01":120,"stat.mineBlock.4":171,"stat.entityKilledBy.SpecialMobs.GravityCreeper":1,"stat.mineBlock.3":693,"stat.mineBlock.1":2054,"stat.killEntity.SpecialMobs.PlagueZombie":1,"stat.flyOneCm":357011,"achievement.buildPickaxe":73,"stat.mineBlock.autogen.BiomesOPlenty:foliage":234,"stat.mineBlock.autogen.BiomesOPlenty:plants":1,"stat.killEntity.SpecialMobs.NinjaSkeleton":1,"stat.useItem.autogen.etfuturum:cobbled_deepslate":35,"stat.entityKilledBy.SpecialMobs.BabyCaveSpider":1,"stat.craftItem.autogen.IguanaTweaksTConstruct:clayBucketUnfired":2,"gettingstartedwithgt":48,"stat.breakItem.290":11,"stat.killEntity.Bat":1,"stat.useItem.autogen.Natura:BerryBush":56,"stat.mineBlock.175":49,"achievement.buildSword":1,"achievement.mineWood":167,"stat.useItem.autogen.BiomesOPlenty:food":1,"stat.breakItem.270":13,"stat.breakItem.271":1,"achievement.openInventory":195,"stat.useItem.81":6,"achievement.killEnemy":29,"stat.craftItem.autogen.gregtech:gt.metatool.01":3,"stat.useItem.98":2,"stat.killEntity.SpecialMobs.ToughSilverfish":2,"stat.craftItem.58":3,"stat.deaths":19,"stat.drop":225,"stat.playOneMinute":363558,"stat.craftItem.50":55,"stat.killEntity.Sheep":5,"stat.breakItem.269":2,"stat.craftItem.54":7,"stat.killEntity.SpecialMobs.GiantZombie":1,"stat.killEntity.Zombie":2,"stat.diveOneCm":16014,"stat.useItem.autogen.TConstruct:shovel":178,"stat.killEntity.SpecialMobs.BabyCaveSpider":2,"achievement.buildHoe":21,"stat.useItem.autogen.TConstruct:pickaxe":718,"stat.mineBlock.82":45,"stat.killEntity.SpecialMobs.PoisonSilverfish":1,"stat.mineBlock.autogen.Railcraft:cube":26,"stat.killEntity.SpecialMobs.FishingSilverfish":2,"stat.useItem.72":1,"stat.jump":2379,"stat.useItem.401":1,"stat.killEntity.SpecialMobs.ToughCaveSpider":1,"stat.entityKilledBy.SpecialMobs.BrutishSkeleton":2,"stat.fallOneCm":57365,"stat.mineBlock.autogen.OpenBlocks:grave":17,"stat.craftItem.290":11,"achievement.killCow":1,"stat.craftItem.1":26,"stat.mineBlock.98":39,"stat.mineBlock.97":2,"stat.entityKilledBy.SpecialMobs.FireZombie":3,"stat.useItem.autogen.Railcraft:cube":2,"stat.craftItem.5":364,"stat.damageTaken":13351,"stat.craftItem.autogen.IguanaTweaksTConstruct:clayBucketFired":2,"stat.mineBlock.autogen.gregtech:gt.blockores":29,"stat.mineBlock.67":7,"stat.useItem.autogen.harvestcraft:berrygarden":1,"stat.useItem.54":12,"stat.useItem.50":43,"stat.entityKilledBy.Zombie":1,"stat.damageDealt":13659,"stat.killEntity.Silverfish":8,"stat.useItem.58":6,"stat.useItem.autogen.TConstruct:ToolStationBlock":7,"stat.useItem.autogen.TConstruct:hatchet":13,"stat.useItem.397":12,"stat.useItem.276":116,"stat.mineBlock.48":22,"stat.walkOneCm":1695827,"stat.craftItem.268":1,"stat.playerKills":1,"stat.mineBlock.autogen.harvestcraft:berrygarden":1,"stat.mineBlock.autogen.Natura:BerryBush":60,"stat.mineBlock.58":4,"stat.killEntity.SpecialMobs.FishingZombie":2,"stat.mineBlock.50":5,"stat.useItem.290":143,"stat.entityKilledBy.SpecialMobs.GiantZombie":2,"stat.mineBlock.106":2,"stat.useItem.35":1,"stat.mineBlock.54":6,"stat.killEntity.Skeleton":1,"stat.entityKilledBy.SpecialMobs.BrutishZombie":1,"stat.craftItem.280":170,"stat.killEntity.SpecialMobs.FireZombie":2,"stat.mobKills":37,"stat.killEntity.SpecialMobs.PoisonSkeleton":1,"stat.mineBlock.23":1,"stat.useItem.6":24,"stat.killEntity.SpecialMobs.BrutishZombie":1,"stat.mineBlock.39":1,"stat.useItem.269":768,"stat.useItem.268":29,"stat.entityKilledBy.Silverfish":2,"stat.useItem.4":208,"stat.useItem.5":12,"stat.craftItem.270":48,"stat.useItem.3":205,"stat.craftItem.271":6,"stat.craftItem.269":19,"stat.mineBlock.30":13,"stat.useItem.13":6,"stat.useItem.270":1873,"stat.mineBlock.31":480,"stat.useItem.271":202,"stat.useItem.392":116}