{"stat.leaveGame":2,"stat.craftItem.339":16,"stat.mineBlock.13":134,"stat.mineBlock.18":79,"stat.mineBlock.17":169,"stat.swimOneCm":32975,"stat.climbOneCm":370,"achievement.buildWorkBench":6,"gtpp.start":3,"achievement.exploreAllBiomes":{"value":0,"progress":["Garden","Temperate River","Shield","Eerie","Temperate Forest","Redwood Forest","Highland"]},"stat.mineBlock.12":23,"stat.craftItem.autogen.gregtech:gt.metaitem.01":120,"stat.mineBlock.4":100,"stat.entityKilledBy.SpecialMobs.GravityCreeper":1,"stat.mineBlock.3":632,"stat.mineBlock.1":1675,"stat.flyOneCm":322554,"achievement.buildPickaxe":73,"stat.mineBlock.autogen.BiomesOPlenty:foliage":234,"stat.mineBlock.autogen.BiomesOPlenty:plants":1,"stat.craftItem.autogen.IguanaTweaksTConstruct:clayBucketUnfired":2,"gettingstartedwithgt":48,"stat.breakItem.290":11,"stat.useItem.autogen.Natura:BerryBush":43,"stat.mineBlock.175":49,"achievement.buildSword":1,"achievement.mineWood":166,"stat.useItem.autogen.BiomesOPlenty:food":1,"stat.breakItem.270":13,"stat.breakItem.271":1,"achievement.openInventory":120,"stat.useItem.81":6,"achievement.killEnemy":4,"stat.craftItem.autogen.gregtech:gt.metatool.01":3,"stat.craftItem.58":3,"stat.deaths":6,"stat.drop":67,"stat.playOneMinute":243058,"stat.craftItem.50":16,"stat.killEntity.Sheep":5,"stat.breakItem.269":2,"stat.craftItem.54":2,"stat.diveOneCm":12426,"achievement.buildHoe":21,"stat.mineBlock.82":45,"stat.killEntity.SpecialMobs.FishingSilverfish":1,"stat.useItem.72":1,"stat.jump":1687,"stat.useItem.401":1,"stat.fallOneCm":41261,"stat.mineBlock.autogen.OpenBlocks:grave":4,"stat.craftItem.290":11,"achievement.killCow":1,"stat.craftItem.1":26,"stat.mineBlock.98":12,"stat.mineBlock.97":1,"stat.entityKilledBy.SpecialMobs.FireZombie":2,"stat.craftItem.5":332,"stat.damageTaken":5280,"stat.craftItem.autogen.IguanaTweaksTConstruct:clayBucketFired":2,"stat.mineBlock.autogen.gregtech:gt.blockores":10,"stat.mineBlock.67":1,"stat.useItem.autogen.harvestcraft:berrygarden":1,"stat.useItem.54":3,"stat.useItem.50":5,"stat.entityKilledBy.Zombie":1,"stat.damageDealt":1525,"stat.killEntity.Silverfish":1,"stat.useItem.58":6,"stat.useItem.397":4,"stat.mineBlock.48":3,"stat.walkOneCm":1141399,"stat.craftItem.268":1,"stat.playerKills":1,"stat.mineBlock.autogen.harvestcraft:berrygarden":1,"stat.mineBlock.autogen.Natura:BerryBush":43,"stat.mineBlock.58":4,"stat.mineBlock.50":1,"stat.useItem.290":143,"stat.entityKilledBy.SpecialMobs.GiantZombie":1,"stat.useItem.35":1,"stat.craftItem.280":138,"stat.killEntity.SpecialMobs.FireZombie":1,"stat.mobKills":9,"stat.killEntity.SpecialMobs.PoisonSkeleton":1,"stat.useItem.6":24,"stat.useItem.269":767,"stat.useItem.268":18,"stat.useItem.4":109,"stat.useItem.5":12,"stat.craftItem.270":48,"stat.useItem.3":187,"stat.craftItem.271":6,"stat.craftItem.269":19,"stat.mineBlock.30":3,"stat.useItem.13":3,"stat.useItem.270":1857,"stat.mineBlock.31":480,"stat.useItem.271":202,"stat.useItem.392":13}