{"stat.craftItem.61":1,"stat.craftItem.67":52,"stat.leaveGame":2,"stat.entityKilledBy.SpecialMobs.PlagueZombie":2,"stat.entityKilledBy.SpecialMobs.WitchCaveSpider":1,"stat.craftItem.339":16,"stat.mineBlock.13":90,"stat.useItem.autogen.etfuturum:white_bed":3,"stat.mineBlock.18":157,"stat.mineBlock.17":440,"stat.entityKilledBy.SpecialMobs.DeathCreeper":1,"stat.swimOneCm":40532,"stat.mineBlock.autogen.TConstruct:ToolStationBlock":4,"stat.mineBlock.autogen.etfuturum:deepslate":38,"achievement.buildWorkBench":8,"gtpp.start":40,"achievement.exploreAllBiomes":{"value":0,"progress":["Dead Forest","Meadow","Temperate River","Shield","Temperate Forest","Highland"]},"stat.mineBlock.12":128,"stat.craftItem.autogen.gregtech:gt.metaitem.01":102,"stat.craftItem.autogen.TConstruct:trap.barricade.oak":2,"stat.craftItem.85":4,"stat.entityKilledBy.SpecialMobs.PoisonSilverfish":1,"stat.craftItem.autogen.TConstruct:blankPattern":8,"stat.entityKilledBy.SpecialMobs.JumpingCreeper":1,"stat.mineBlock.4":100,"stat.mineBlock.3":439,"stat.mineBlock.1":574,"stat.killEntity.SpecialMobs.FlyingSilverfish":1,"serverutilities.stat.time_afk":1190,"stat.mineBlock.6":4,"stat.flyOneCm":890567,"achievement.buildPickaxe":14,"stat.mineBlock.autogen.BiomesOPlenty:plants":1,"stat.mineBlock.autogen.BiomesOPlenty:foliage":35,"stat.useItem.autogen.etfuturum:cobbled_deepslate":2,"gettingstartedwithgt":9,"stat.useItem.autogen.Natura:BerryBush":40,"stat.mineBlock.175":3,"stat.craftItem.autogen.TConstruct:ToolStationBlock":6,"achievement.mineWood":432,"stat.breakItem.270":7,"stat.breakItem.271":3,"achievement.openInventory":195,"stat.craftItem.autogen.gregtech:gt.metatool.01":2,"achievement.buildFurnace":2,"stat.useItem.98":2,"stat.craftItem.58":3,"stat.deaths":25,"stat.drop":288,"stat.playOneMinute":398134,"stat.killEntity.Sheep":6,"stat.craftItem.54":8,"stat.breakItem.269":10,"stat.killEntity.Zombie":1,"stat.diveOneCm":36690,"stat.craftItem.autogen.etfuturum:white_bed":1,"stat.entityKilledBy.SpecialMobs.CursedEnderman":1,"stat.useItem.67":18,"stat.useItem.61":1,"stat.useItem.autogen.TConstruct:pickaxe":116,"stat.mineBlock.82":32,"stat.jump":1912,"stat.fallOneCm":44595,"stat.mineBlock.autogen.OpenBlocks:grave":24,"stat.craftItem.171":4,"stat.craftItem.1":20,"stat.mineBlock.98":32,"stat.mineBlock.97":1,"stat.entityKilledBy.SpecialMobs.FireZombie":2,"stat.craftItem.5":306,"stat.damageTaken":15930,"stat.mineBlock.autogen.gregtech:gt.blockores":4,"stat.mineBlock.67":5,"stat.useItem.autogen.IC2:blockRubSapling":1,"stat.useItem.autogen.harvestcraft:berrygarden":1,"stat.useItem.54":9,"stat.useItem.50":10,"stat.entityKilledBy.Zombie":4,"stat.damageDealt":3301,"stat.killEntity.Silverfish":1,"stat.useItem.autogen.TConstruct:ToolStationBlock":11,"stat.useItem.autogen.TConstruct:hatchet":1,"stat.useItem.397":5,"stat.mineBlock.48":4,"stat.walkOneCm":1552626,"stat.playerKills":1,"stat.mineBlock.autogen.Natura:BerryBush":40,"stat.mineBlock.50":3,"stat.entityKilledBy.SpecialMobs.GiantZombie":1,"stat.mineBlock.54":1,"stat.entityKilledBy.SpecialMobs.BrutishZombie":2,"stat.craftItem.280":122,"stat.killEntity.SpecialMobs.FireZombie":2,"stat.mobKills":12,"stat.killEntity.SpecialMobs.PoisonSkeleton":1,"stat.mineBlock.35":1,"stat.useItem.6":141,"stat.useItem.269":601,"stat.useItem.268":18,"stat.entityKilledBy.Silverfish":2,"stat.useItem.4":2654,"stat.craftItem.270":9,"stat.useItem.3":60,"stat.craftItem.271":11,"stat.craftItem.269":10,"stat.useItem.17":2,"stat.useItem.270":656,"stat.useItem.13":3,"stat.mineBlock.31":82,"stat.useItem.271":543,"stat.useItem.392":26}