{"stat.craftItem.61":1,"stat.killEntity.SpecialMobs.MotherCaveSpider":2,"stat.craftItem.67":52,"stat.leaveGame":2,"stat.entityKilledBy.SpecialMobs.PlagueZombie":2,"stat.entityKilledBy.SpecialMobs.WitchCaveSpider":2,"stat.craftItem.339":16,"stat.mineBlock.13":105,"stat.killEntity.SpecialMobs.FlyingCaveSpider":1,"stat.useItem.autogen.etfuturum:white_bed":3,"stat.mineBlock.18":157,"stat.mineBlock.17":440,"stat.entityKilledBy.SpecialMobs.DeathCreeper":1,"stat.swimOneCm":42236,"stat.mineBlock.autogen.TConstruct:ToolStationBlock":5,"stat.mineBlock.autogen.etfuturum:deepslate":69,"stat.climbOneCm":529,"achievement.buildWorkBench":8,"gtpp.start":52,"achievement.exploreAllBiomes":{"value":0,"progress":["Dead Forest","Meadow","Temperate River","Shield","Temperate Forest","Highland"]},"stat.mineBlock.12":128,"stat.craftItem.autogen.gregtech:gt.metaitem.01":102,"stat.craftItem.autogen.TConstruct:trap.barricade.oak":2,"stat.craftItem.85":4,"stat.entityKilledBy.SpecialMobs.PoisonSilverfish":2,"stat.craftItem.autogen.TConstruct:blankPattern":8,"stat.entityKilledBy.SpecialMobs.JumpingCreeper":1,"stat.mineBlock.4":152,"stat.mineBlock.3":442,"stat.killEntity.SpecialMobs.BrutishSkeleton":1,"stat.mineBlock.1":632,"stat.killEntity.SpecialMobs.FlyingSilverfish":5,"serverutilities.stat.time_afk":1190,"stat.killEntity.SpecialMobs.PlagueZombie":1,"stat.mineBlock.6":4,"stat.flyOneCm":925393,"stat.killEntity.SpecialMobs.BlindingSilverfish":5,"achievement.buildPickaxe":14,"stat.mineBlock.autogen.BiomesOPlenty:plants":1,"stat.mineBlock.autogen.BiomesOPlenty:foliage":35,"stat.killEntity.SpecialMobs.WebCaveSpider":3,"stat.useItem.autogen.etfuturum:cobbled_deepslate":13,"gettingstartedwithgt":9,"stat.useItem.autogen.Natura:BerryBush":40,"stat.mineBlock.175":3,"stat.craftItem.autogen.TConstruct:ToolStationBlock":6,"achievement.mineWood":432,"stat.entityKilledBy.SpecialMobs.MotherCaveSpider":2,"stat.breakItem.270":7,"stat.breakItem.271":3,"achievement.openInventory":260,"stat.craftItem.autogen.gregtech:gt.metatool.01":2,"achievement.buildFurnace":2,"stat.useItem.98":7,"stat.killEntity.SpecialMobs.ToughSilverfish":2,"stat.craftItem.58":3,"stat.deaths":33,"stat.drop":424,"stat.playOneMinute":469823,"stat.killEntity.Sheep":6,"stat.craftItem.54":8,"stat.breakItem.269":10,"stat.killEntity.Zombie":2,"stat.diveOneCm":37123,"stat.craftItem.autogen.etfuturum:white_bed":1,"stat.entityKilledBy.SpecialMobs.CursedEnderman":1,"stat.useItem.67":18,"stat.useItem.61":1,"stat.useItem.autogen.TConstruct:shovel":2,"stat.killEntity.SpecialMobs.BabyCaveSpider":3,"stat.useItem.autogen.TConstruct:pickaxe":324,"stat.killEntity.Slime":1,"stat.mineBlock.82":32,"stat.killEntity.SpecialMobs.PoisonSilverfish":4,"stat.mineBlock.autogen.Railcraft:cube":1,"stat.killEntity.SpecialMobs.FishingSilverfish":4,"stat.jump":2228,"stat.entityKilledBy.SpecialMobs.BrutishSkeleton":1,"stat.fallOneCm":51322,"stat.mineBlock.autogen.OpenBlocks:grave":30,"stat.craftItem.171":4,"stat.entityKilledBy.CaveSpider":1,"stat.craftItem.1":20,"stat.mineBlock.98":45,"stat.mineBlock.97":4,"stat.entityKilledBy.SpecialMobs.FireZombie":2,"stat.craftItem.5":306,"stat.damageTaken":22422,"stat.mineBlock.autogen.gregtech:gt.blockores":16,"stat.mineBlock.67":9,"stat.useItem.autogen.IC2:blockRubSapling":1,"stat.useItem.autogen.harvestcraft:berrygarden":1,"stat.useItem.54":12,"stat.killEntity.CaveSpider":4,"stat.useItem.50":28,"stat.entityKilledBy.Zombie":4,"stat.damageDealt":19571,"stat.mineBlock.70":3,"stat.killEntity.Silverfish":5,"stat.useItem.autogen.TConstruct:ToolStationBlock":11,"stat.useItem.autogen.TConstruct:hatchet":4,"stat.useItem.397":7,"stat.useItem.276":148,"stat.mineBlock.48":7,"stat.walkOneCm":2012539,"stat.playerKills":1,"stat.killEntity.RandomThings.spirit":3,"stat.mineBlock.autogen.Natura:BerryBush":40,"stat.killEntity.SpecialMobs.FishingZombie":2,"stat.mineBlock.autogen.etfuturum:cobbled_deepslate":11,"stat.mineBlock.50":11,"stat.entityKilledBy.SpecialMobs.GiantZombie":2,"stat.mineBlock.106":8,"stat.mineBlock.54":3,"stat.killEntity.Skeleton":1,"stat.entityKilledBy.SpecialMobs.BrutishZombie":2,"stat.craftItem.280":122,"stat.killEntity.SpecialMobs.FireZombie":2,"stat.mobKills":58,"stat.killEntity.SpecialMobs.PoisonSkeleton":1,"stat.mineBlock.35":1,"stat.useItem.6":141,"stat.useItem.269":601,"stat.useItem.268":19,"stat.entityKilledBy.Silverfish":2,"stat.useItem.4":2759,"stat.craftItem.270":9,"stat.useItem.3":60,"stat.craftItem.271":11,"stat.craftItem.269":10,"stat.useItem.17":2,"stat.mineBlock.30":11,"stat.useItem.270":656,"stat.useItem.13":5,"stat.mineBlock.31":82,"stat.useItem.271":543,"stat.useItem.392":26}