{"stat.killEntity.SpecialMobs.MotherCaveSpider":2,"stat.leaveGame":4,"stat.entityKilledBy.SpecialMobs.WitchCaveSpider":1,"stat.entityKilledBy.SpecialMobs.FishingZombie":2,"stat.craftItem.339":16,"stat.mineBlock.13":303,"stat.killEntity.SpecialMobs.FlyingCaveSpider":1,"stat.mineBlock.18":79,"stat.mineBlock.17":169,"stat.swimOneCm":39444,"stat.mineBlock.autogen.TConstruct:ToolStationBlock":9,"stat.climbOneCm":410,"stat.mineBlock.autogen.etfuturum:deepslate":153,"achievement.buildWorkBench":7,"gtpp.start":25,"achievement.exploreAllBiomes":{"value":0,"progress":["Garden","Temperate River","Shield","Eerie","Temperate Forest","Redwood Forest","Highland"]},"stat.mineBlock.12":23,"stat.craftItem.autogen.gregtech:gt.metaitem.01":120,"stat.mineBlock.4":180,"stat.entityKilledBy.SpecialMobs.GravityCreeper":1,"stat.mineBlock.3":693,"stat.mineBlock.1":2062,"stat.killEntity.SpecialMobs.PlagueZombie":1,"stat.flyOneCm":362770,"achievement.buildPickaxe":73,"stat.mineBlock.autogen.BiomesOPlenty:foliage":234,"stat.mineBlock.autogen.BiomesOPlenty:plants":1,"stat.killEntity.SpecialMobs.NinjaSkeleton":1,"stat.useItem.autogen.etfuturum:cobbled_deepslate":98,"stat.entityKilledBy.SpecialMobs.BabyCaveSpider":2,"stat.craftItem.autogen.IguanaTweaksTConstruct:clayBucketUnfired":2,"gettingstartedwithgt":48,"stat.breakItem.290":11,"stat.killEntity.Bat":1,"stat.useItem.autogen.Natura:BerryBush":56,"stat.mineBlock.175":49,"achievement.buildSword":1,"achievement.mineWood":168,"stat.useItem.autogen.BiomesOPlenty:food":1,"stat.craftItem.autogen.dreamcraft:item.WoodenBrickForm":1,"stat.breakItem.270":13,"stat.breakItem.271":1,"achievement.openInventory":236,"stat.useItem.81":6,"achievement.killEnemy":45,"stat.craftItem.autogen.gregtech:gt.metatool.01":4,"stat.useItem.98":12,"stat.killEntity.SpecialMobs.ToughSilverfish":2,"stat.craftItem.58":3,"stat.deaths":20,"stat.drop":247,"stat.playOneMinute":399107,"stat.craftItem.50":94,"stat.killEntity.Sheep":5,"stat.breakItem.269":2,"stat.craftItem.54":7,"stat.killEntity.SpecialMobs.GiantZombie":2,"stat.killEntity.Zombie":4,"stat.diveOneCm":16014,"stat.useItem.67":1,"stat.useItem.autogen.TConstruct:shovel":178,"stat.killEntity.SpecialMobs.BabyCaveSpider":7,"achievement.buildHoe":21,"stat.useItem.autogen.TConstruct:pickaxe":761,"stat.mineBlock.82":45,"stat.killEntity.SpecialMobs.PoisonSilverfish":2,"stat.mineBlock.autogen.Railcraft:cube":26,"stat.killEntity.SpecialMobs.FishingSilverfish":2,"stat.useItem.72":1,"stat.jump":2528,"stat.useItem.401":1,"stat.killEntity.SpecialMobs.ToughCaveSpider":1,"stat.entityKilledBy.SpecialMobs.BrutishSkeleton":2,"stat.fallOneCm":58909,"stat.mineBlock.autogen.OpenBlocks:grave":18,"stat.craftItem.290":11,"achievement.killCow":1,"stat.craftItem.1":26,"stat.mineBlock.98":51,"stat.mineBlock.97":3,"stat.entityKilledBy.SpecialMobs.FireZombie":3,"stat.useItem.autogen.Railcraft:cube":26,"stat.craftItem.5":364,"stat.damageTaken":18472,"stat.craftItem.autogen.IguanaTweaksTConstruct:clayBucketFired":2,"stat.mineBlock.autogen.gregtech:gt.blockores":32,"stat.mineBlock.67":8,"stat.useItem.48":1,"stat.useItem.autogen.harvestcraft:berrygarden":1,"stat.useItem.54":12,"stat.killEntity.CaveSpider":1,"stat.useItem.50":55,"stat.entityKilledBy.Zombie":1,"stat.damageDealt":22329,"stat.killEntity.Silverfish":10,"stat.useItem.58":6,"stat.useItem.autogen.TConstruct:ToolStationBlock":9,"stat.useItem.autogen.TConstruct:hatchet":17,"stat.useItem.397":12,"stat.useItem.276":193,"stat.mineBlock.48":23,"stat.walkOneCm":1949043,"stat.craftItem.268":1,"stat.playerKills":2,"stat.mineBlock.autogen.harvestcraft:berrygarden":1,"stat.mineBlock.autogen.Natura:BerryBush":60,"stat.mineBlock.58":4,"stat.killEntity.SpecialMobs.FishingZombie":4,"stat.mineBlock.50":7,"stat.useItem.290":143,"stat.entityKilledBy.SpecialMobs.GiantZombie":2,"stat.mineBlock.106":5,"stat.useItem.35":1,"stat.mineBlock.54":6,"stat.killEntity.Skeleton":1,"stat.entityKilledBy.SpecialMobs.BrutishZombie":1,"stat.craftItem.280":170,"stat.killEntity.SpecialMobs.FireZombie":2,"stat.mobKills":53,"stat.killEntity.SpecialMobs.PoisonSkeleton":1,"stat.mineBlock.23":1,"stat.useItem.6":24,"stat.killEntity.SpecialMobs.BrutishZombie":1,"stat.mineBlock.39":1,"stat.useItem.269":768,"stat.useItem.268":29,"stat.entityKilledBy.Silverfish":2,"stat.useItem.4":219,"stat.useItem.5":12,"stat.craftItem.270":48,"stat.useItem.3":205,"stat.craftItem.271":6,"stat.craftItem.269":19,"stat.mineBlock.30":15,"stat.useItem.13":7,"stat.useItem.270":1873,"stat.mineBlock.31":480,"stat.useItem.271":202,"stat.useItem.392":116}