{"stat.craftItem.autogen.etfuturum:white_bed":1,"stat.entityKilledBy.SpecialMobs.CursedEnderman":1,"stat.useItem.67":18,"stat.useItem.61":1,"stat.craftItem.61":1,"stat.craftItem.67":52,"stat.leaveGame":2,"stat.mineBlock.82":32,"stat.craftItem.339":16,"stat.mineBlock.13":85,"stat.useItem.autogen.etfuturum:white_bed":3,"stat.mineBlock.18":157,"stat.mineBlock.17":440,"stat.jump":1749,"stat.entityKilledBy.SpecialMobs.DeathCreeper":1,"stat.swimOneCm":39247,"stat.mineBlock.autogen.TConstruct:ToolStationBlock":3,"stat.fallOneCm":38757,"stat.mineBlock.autogen.OpenBlocks:grave":16,"stat.craftItem.171":4,"achievement.buildWorkBench":8,"stat.craftItem.1":20,"gtpp.start":25,"achievement.exploreAllBiomes":{"value":0,"progress":["Dead Forest","Meadow","Temperate River","Shield","Temperate Forest","Highland"]},"stat.mineBlock.12":128,"stat.entityKilledBy.SpecialMobs.FireZombie":2,"stat.craftItem.autogen.gregtech:gt.metaitem.01":102,"stat.craftItem.autogen.TConstruct:trap.barricade.oak":2,"stat.craftItem.85":4,"stat.craftItem.5":306,"stat.craftItem.autogen.TConstruct:blankPattern":8,"stat.entityKilledBy.SpecialMobs.JumpingCreeper":1,"stat.damageTaken":12170,"stat.mineBlock.4":82,"stat.mineBlock.3":438,"stat.mineBlock.1":557,"serverutilities.stat.time_afk":1190,"stat.mineBlock.autogen.gregtech:gt.blockores":4,"stat.mineBlock.67":5,"stat.mineBlock.6":4,"stat.useItem.autogen.IC2:blockRubSapling":1,"stat.useItem.autogen.harvestcraft:berrygarden":1,"stat.useItem.54":9,"stat.flyOneCm":873724,"stat.useItem.50":9,"achievement.buildPickaxe":14,"stat.mineBlock.autogen.BiomesOPlenty:plants":1,"stat.mineBlock.autogen.BiomesOPlenty:foliage":35,"stat.entityKilledBy.Zombie":4,"stat.damageDealt":2249,"stat.useItem.autogen.TConstruct:ToolStationBlock":9,"gettingstartedwithgt":9,"stat.useItem.397":5,"stat.walkOneCm":1447984,"stat.playerKills":1,"stat.useItem.autogen.Natura:BerryBush":40,"stat.mineBlock.175":3,"stat.craftItem.autogen.TConstruct:ToolStationBlock":6,"stat.mineBlock.autogen.Natura:BerryBush":40,"achievement.mineWood":432,"stat.mineBlock.50":3,"stat.entityKilledBy.SpecialMobs.GiantZombie":1,"stat.mineBlock.54":1,"stat.breakItem.270":7,"stat.breakItem.271":3,"achievement.openInventory":177,"stat.entityKilledBy.SpecialMobs.BrutishZombie":2,"stat.craftItem.280":122,"stat.killEntity.SpecialMobs.FireZombie":1,"stat.mobKills":9,"stat.killEntity.SpecialMobs.PoisonSkeleton":1,"stat.craftItem.autogen.gregtech:gt.metatool.01":2,"stat.mineBlock.35":1,"achievement.buildFurnace":2,"stat.useItem.6":141,"stat.craftItem.58":3,"stat.deaths":19,"stat.drop":240,"stat.useItem.269":601,"stat.playOneMinute":377701,"stat.killEntity.Sheep":6,"stat.useItem.4":2640,"stat.craftItem.54":8,"stat.craftItem.270":9,"stat.breakItem.269":10,"stat.useItem.3":59,"stat.craftItem.271":11,"stat.killEntity.Zombie":1,"stat.craftItem.269":10,"stat.useItem.17":2,"stat.useItem.270":656,"stat.useItem.13":3,"stat.mineBlock.31":82,"stat.diveOneCm":33829,"stat.useItem.271":543,"stat.useItem.392":26}