{"stat.leaveGame":3,"stat.entityKilledBy.SpecialMobs.FishingZombie":2,"stat.craftItem.339":16,"stat.mineBlock.13":184,"stat.mineBlock.18":79,"stat.mineBlock.17":169,"stat.swimOneCm":36322,"stat.mineBlock.autogen.TConstruct:ToolStationBlock":4,"stat.climbOneCm":370,"stat.mineBlock.autogen.etfuturum:deepslate":40,"achievement.buildWorkBench":6,"gtpp.start":12,"achievement.exploreAllBiomes":{"value":0,"progress":["Garden","Temperate River","Shield","Eerie","Temperate Forest","Redwood Forest","Highland"]},"stat.mineBlock.12":23,"stat.craftItem.autogen.gregtech:gt.metaitem.01":120,"stat.mineBlock.4":113,"stat.entityKilledBy.SpecialMobs.GravityCreeper":1,"stat.mineBlock.3":690,"stat.mineBlock.1":1995,"stat.flyOneCm":345309,"achievement.buildPickaxe":73,"stat.mineBlock.autogen.BiomesOPlenty:foliage":234,"stat.mineBlock.autogen.BiomesOPlenty:plants":1,"stat.craftItem.autogen.IguanaTweaksTConstruct:clayBucketUnfired":2,"gettingstartedwithgt":48,"stat.breakItem.290":11,"stat.useItem.autogen.Natura:BerryBush":56,"stat.mineBlock.175":49,"achievement.buildSword":1,"achievement.mineWood":167,"stat.useItem.autogen.BiomesOPlenty:food":1,"stat.breakItem.270":13,"stat.breakItem.271":1,"achievement.openInventory":156,"stat.useItem.81":6,"achievement.killEnemy":8,"stat.craftItem.autogen.gregtech:gt.metatool.01":3,"stat.craftItem.58":3,"stat.deaths":13,"stat.drop":126,"stat.playOneMinute":302323,"stat.craftItem.50":25,"stat.killEntity.Sheep":5,"stat.breakItem.269":2,"stat.craftItem.54":2,"stat.killEntity.Zombie":1,"stat.diveOneCm":12919,"stat.useItem.autogen.TConstruct:shovel":85,"achievement.buildHoe":21,"stat.useItem.autogen.TConstruct:pickaxe":402,"stat.mineBlock.82":45,"stat.killEntity.SpecialMobs.FishingSilverfish":1,"stat.useItem.72":1,"stat.jump":2150,"stat.useItem.401":1,"stat.entityKilledBy.SpecialMobs.BrutishSkeleton":1,"stat.fallOneCm":50354,"stat.mineBlock.autogen.OpenBlocks:grave":11,"stat.craftItem.290":11,"achievement.killCow":1,"stat.craftItem.1":26,"stat.mineBlock.98":19,"stat.mineBlock.97":1,"stat.entityKilledBy.SpecialMobs.FireZombie":3,"stat.craftItem.5":364,"stat.damageTaken":9633,"stat.craftItem.autogen.IguanaTweaksTConstruct:clayBucketFired":2,"stat.mineBlock.autogen.gregtech:gt.blockores":27,"stat.mineBlock.67":5,"stat.useItem.autogen.harvestcraft:berrygarden":1,"stat.useItem.54":3,"stat.useItem.50":5,"stat.entityKilledBy.Zombie":1,"stat.damageDealt":2235,"stat.killEntity.Silverfish":1,"stat.useItem.58":6,"stat.useItem.autogen.TConstruct:ToolStationBlock":4,"stat.useItem.autogen.TConstruct:hatchet":4,"stat.useItem.397":11,"stat.mineBlock.48":11,"stat.walkOneCm":1420439,"stat.craftItem.268":1,"stat.playerKills":1,"stat.mineBlock.autogen.harvestcraft:berrygarden":1,"stat.mineBlock.autogen.Natura:BerryBush":60,"stat.mineBlock.58":4,"stat.killEntity.SpecialMobs.FishingZombie":2,"stat.mineBlock.50":1,"stat.useItem.290":143,"stat.entityKilledBy.SpecialMobs.GiantZombie":2,"stat.useItem.35":1,"stat.entityKilledBy.SpecialMobs.BrutishZombie":1,"stat.craftItem.280":170,"stat.killEntity.SpecialMobs.FireZombie":1,"stat.mobKills":14,"stat.killEntity.SpecialMobs.PoisonSkeleton":1,"stat.useItem.6":24,"stat.killEntity.SpecialMobs.BrutishZombie":1,"stat.useItem.269":768,"stat.useItem.268":25,"stat.useItem.4":126,"stat.useItem.5":12,"stat.craftItem.270":48,"stat.useItem.3":205,"stat.craftItem.271":6,"stat.craftItem.269":19,"stat.mineBlock.30":5,"stat.useItem.13":3,"stat.useItem.270":1873,"stat.mineBlock.31":480,"stat.useItem.271":202,"stat.useItem.392":67}