{"stat.craftItem.autogen.etfuturum:white_bed":1,"stat.entityKilledBy.SpecialMobs.CursedEnderman":1,"stat.useItem.397":1,"stat.entityKilledBy.SpecialMobs.FireZombie":1,"stat.walkOneCm":149680,"stat.craftItem.85":2,"achievement.openInventory":19,"stat.craftItem.5":32,"stat.craftItem.280":8,"stat.damageTaken":2731,"stat.mineBlock.3":26,"stat.mobKills":6,"stat.craftItem.autogen.gregtech:gt.metatool.01":1,"stat.mineBlock.35":1,"stat.useItem.54":2,"stat.flyOneCm":173333,"stat.useItem.6":6,"stat.deaths":4,"stat.useItem.autogen.etfuturum:white_bed":1,"stat.mineBlock.18":24,"stat.mineBlock.17":50,"stat.drop":13,"stat.useItem.50":1,"stat.jump":166,"stat.entityKilledBy.SpecialMobs.DeathCreeper":1,"stat.playOneMinute":42659,"stat.fallOneCm":4517,"stat.mineBlock.autogen.BiomesOPlenty:plants":1,"stat.mineBlock.autogen.OpenBlocks:grave":4,"stat.killEntity.Sheep":6,"stat.craftItem.270":1,"stat.craftItem.54":1,"stat.craftItem.171":4,"achievement.buildWorkBench":1,"stat.useItem.3":20,"stat.craftItem.271":1,"stat.damageDealt":848,"achievement.mineWood":50,"gtpp.start":5,"stat.craftItem.269":1,"stat.entityKilledBy.SpecialMobs.GiantZombie":1,"achievement.exploreAllBiomes":{"value":0,"progress":["Dead Forest","Meadow","Shield","Temperate Forest","Highland"]},"stat.mineBlock.54":1,"stat.mineBlock.31":21,"gettingstartedwithgt":1}