{"stat.useItem.397":3,"stat.walkOneCm":225804,"stat.craftItem.268":1,"achievement.buildHoe":1,"stat.leaveGame":1,"stat.mineBlock.175":1,"stat.mineBlock.13":23,"stat.mineBlock.18":2,"stat.mineBlock.17":8,"stat.swimOneCm":2107,"stat.jump":400,"stat.fallOneCm":24325,"stat.mineBlock.autogen.OpenBlocks:grave":3,"stat.craftItem.290":1,"achievement.buildWorkBench":2,"achievement.buildSword":1,"achievement.mineWood":3,"gtpp.start":1,"stat.entityKilledBy.SpecialMobs.GiantZombie":1,"achievement.exploreAllBiomes":{"value":0,"progress":["Garden","Temperate River","Shield","Temperate Forest","Redwood Forest","Highland"]},"stat.useItem.35":1,"achievement.openInventory":17,"stat.craftItem.5":52,"stat.craftItem.280":20,"stat.damageTaken":2978,"stat.entityKilledBy.SpecialMobs.GravityCreeper":1,"stat.mineBlock.3":38,"stat.mobKills":5,"stat.useItem.54":1,"stat.flyOneCm":240948,"stat.craftItem.58":2,"stat.deaths":4,"stat.drop":10,"stat.useItem.50":1,"achievement.buildPickaxe":1,"stat.useItem.269":11,"stat.playOneMinute":40074,"stat.entityKilledBy.Zombie":1,"stat.killEntity.Sheep":5,"stat.useItem.5":12,"stat.craftItem.270":1,"stat.useItem.3":37,"stat.craftItem.271":1,"stat.damageDealt":485,"stat.craftItem.269":1,"stat.diveOneCm":683,"stat.mineBlock.31":12,"stat.useItem.58":2,"gettingstartedwithgt":1}