{"stat.craftItem.autogen.etfuturum:white_bed":1,"stat.entityKilledBy.SpecialMobs.CursedEnderman":1,"stat.useItem.397":5,"stat.walkOneCm":470194,"stat.useItem.61":1,"stat.useItem.autogen.Natura:BerryBush":40,"stat.craftItem.61":1,"stat.mineBlock.82":32,"stat.mineBlock.autogen.Natura:BerryBush":40,"stat.mineBlock.13":71,"stat.useItem.autogen.etfuturum:white_bed":1,"stat.mineBlock.18":69,"stat.mineBlock.17":204,"stat.jump":579,"stat.entityKilledBy.SpecialMobs.DeathCreeper":1,"stat.swimOneCm":22500,"stat.fallOneCm":11588,"stat.mineBlock.autogen.OpenBlocks:grave":5,"stat.craftItem.171":4,"achievement.buildWorkBench":1,"achievement.mineWood":204,"stat.craftItem.1":20,"gtpp.start":5,"stat.entityKilledBy.SpecialMobs.GiantZombie":1,"achievement.exploreAllBiomes":{"value":0,"progress":["Dead Forest","Meadow","Temperate River","Shield","Temperate Forest","Highland"]},"stat.mineBlock.54":1,"stat.mineBlock.12":128,"stat.entityKilledBy.SpecialMobs.FireZombie":1,"stat.craftItem.autogen.TConstruct:trap.barricade.oak":2,"stat.breakItem.271":3,"stat.craftItem.85":4,"achievement.openInventory":62,"stat.craftItem.5":152,"stat.craftItem.280":86,"stat.damageTaken":3316,"stat.mineBlock.4":21,"stat.mineBlock.3":101,"stat.mineBlock.1":87,"stat.mobKills":7,"stat.mineBlock.autogen.gregtech:gt.blockores":1,"stat.killEntity.SpecialMobs.PoisonSkeleton":1,"stat.craftItem.autogen.gregtech:gt.metatool.01":1,"stat.useItem.autogen.IC2:blockRubSapling":1,"stat.useItem.autogen.harvestcraft:berrygarden":1,"stat.mineBlock.35":1,"stat.useItem.54":3,"achievement.buildFurnace":2,"stat.flyOneCm":227657,"stat.useItem.6":82,"stat.deaths":5,"stat.drop":45,"stat.useItem.50":1,"stat.useItem.269":321,"achievement.buildPickaxe":4,"stat.playOneMinute":114636,"stat.mineBlock.autogen.BiomesOPlenty:plants":1,"stat.mineBlock.autogen.BiomesOPlenty:foliage":4,"stat.killEntity.Sheep":6,"stat.craftItem.54":4,"stat.craftItem.270":3,"stat.breakItem.269":6,"stat.useItem.3":20,"stat.craftItem.271":4,"stat.damageDealt":1143,"stat.craftItem.269":10,"stat.useItem.17":2,"stat.useItem.270":109,"stat.useItem.13":3,"stat.mineBlock.31":37,"stat.diveOneCm":26937,"gettingstartedwithgt":3,"stat.useItem.271":212}