{"stat.useItem.397":4,"stat.breakItem.290":11,"stat.walkOneCm":642801,"stat.craftItem.268":1,"achievement.buildHoe":21,"stat.useItem.autogen.Natura:BerryBush":36,"stat.leaveGame":1,"stat.mineBlock.175":48,"stat.mineBlock.autogen.harvestcraft:berrygarden":1,"stat.mineBlock.82":45,"stat.mineBlock.autogen.Natura:BerryBush":36,"stat.mineBlock.13":84,"stat.mineBlock.18":18,"stat.mineBlock.17":60,"stat.useItem.72":1,"stat.swimOneCm":19198,"stat.jump":797,"stat.fallOneCm":27498,"stat.climbOneCm":370,"stat.mineBlock.autogen.OpenBlocks:grave":4,"stat.craftItem.290":11,"achievement.buildWorkBench":5,"achievement.killCow":1,"achievement.buildSword":1,"achievement.mineWood":59,"stat.craftItem.1":26,"gtpp.start":3,"stat.mineBlock.50":1,"stat.useItem.290":143,"stat.entityKilledBy.SpecialMobs.GiantZombie":1,"achievement.exploreAllBiomes":{"value":0,"progress":["Garden","Temperate River","Shield","Eerie","Temperate Forest","Redwood Forest","Highland"]},"stat.useItem.35":1,"stat.mineBlock.12":23,"stat.useItem.autogen.BiomesOPlenty:food":1,"stat.entityKilledBy.SpecialMobs.FireZombie":2,"stat.breakItem.270":1,"stat.craftItem.autogen.gregtech:gt.metaitem.01":120,"achievement.openInventory":81,"stat.craftItem.5":146,"stat.craftItem.280":52,"stat.damageTaken":5058,"stat.mineBlock.4":60,"stat.craftItem.autogen.IguanaTweaksTConstruct:clayBucketFired":2,"stat.entityKilledBy.SpecialMobs.GravityCreeper":1,"stat.mineBlock.3":147,"stat.mobKills":6,"stat.killEntity.SpecialMobs.PoisonSkeleton":1,"achievement.killEnemy":1,"stat.craftItem.autogen.gregtech:gt.metatool.01":3,"stat.useItem.autogen.harvestcraft:berrygarden":1,"stat.useItem.54":3,"stat.flyOneCm":265703,"stat.craftItem.58":2,"stat.useItem.6":14,"stat.deaths":6,"stat.drop":48,"stat.useItem.50":5,"achievement.buildPickaxe":1,"stat.useItem.269":230,"stat.useItem.268":10,"stat.playOneMinute":112031,"stat.entityKilledBy.Zombie":1,"stat.mineBlock.autogen.BiomesOPlenty:foliage":216,"stat.mineBlock.autogen.BiomesOPlenty:plants":1,"stat.craftItem.50":16,"stat.killEntity.Sheep":5,"stat.useItem.5":12,"stat.craftItem.270":1,"stat.breakItem.269":1,"stat.craftItem.54":2,"stat.useItem.3":76,"stat.craftItem.271":1,"stat.damageDealt":805,"stat.craftItem.269":1,"stat.mineBlock.30":3,"stat.craftItem.autogen.IguanaTweaksTConstruct:clayBucketUnfired":2,"stat.useItem.13":2,"stat.useItem.270":72,"stat.diveOneCm":12384,"stat.mineBlock.31":447,"stat.useItem.58":2,"gettingstartedwithgt":1,"stat.useItem.271":72,"stat.useItem.392":6}