{"stat.craftItem.autogen.etfuturum:white_bed":1,"stat.entityKilledBy.SpecialMobs.CursedEnderman":1,"stat.useItem.397":5,"stat.walkOneCm":691781,"stat.useItem.61":1,"stat.useItem.autogen.Natura:BerryBush":40,"stat.craftItem.61":1,"stat.mineBlock.175":2,"stat.mineBlock.82":32,"stat.mineBlock.autogen.Natura:BerryBush":40,"stat.mineBlock.13":73,"stat.useItem.autogen.etfuturum:white_bed":1,"stat.mineBlock.18":85,"stat.mineBlock.17":249,"stat.jump":816,"stat.entityKilledBy.SpecialMobs.DeathCreeper":1,"stat.swimOneCm":24993,"stat.fallOneCm":18291,"stat.mineBlock.autogen.OpenBlocks:grave":6,"stat.craftItem.171":4,"achievement.buildWorkBench":1,"achievement.mineWood":249,"stat.craftItem.1":20,"gtpp.start":7,"stat.mineBlock.50":3,"stat.entityKilledBy.SpecialMobs.GiantZombie":1,"achievement.exploreAllBiomes":{"value":0,"progress":["Dead Forest","Meadow","Temperate River","Shield","Temperate Forest","Highland"]},"stat.mineBlock.54":1,"stat.mineBlock.12":128,"stat.entityKilledBy.SpecialMobs.FireZombie":1,"stat.breakItem.270":1,"stat.craftItem.autogen.TConstruct:trap.barricade.oak":2,"stat.breakItem.271":3,"stat.craftItem.85":4,"achievement.openInventory":89,"stat.craftItem.5":214,"stat.craftItem.280":98,"stat.entityKilledBy.SpecialMobs.JumpingCreeper":1,"stat.damageTaken":3916,"stat.mineBlock.4":25,"stat.mineBlock.3":227,"stat.mineBlock.1":287,"stat.mobKills":7,"stat.mineBlock.autogen.gregtech:gt.blockores":2,"stat.killEntity.SpecialMobs.PoisonSkeleton":1,"stat.craftItem.autogen.gregtech:gt.metatool.01":1,"stat.useItem.autogen.IC2:blockRubSapling":1,"stat.useItem.autogen.harvestcraft:berrygarden":1,"stat.mineBlock.35":1,"stat.useItem.54":5,"achievement.buildFurnace":2,"stat.flyOneCm":263723,"stat.useItem.6":86,"stat.deaths":6,"stat.drop":64,"stat.useItem.50":3,"stat.useItem.269":465,"achievement.buildPickaxe":12,"stat.playOneMinute":150515,"stat.mineBlock.autogen.BiomesOPlenty:plants":1,"stat.mineBlock.autogen.BiomesOPlenty:foliage":28,"stat.killEntity.Sheep":6,"stat.useItem.4":77,"stat.craftItem.54":4,"stat.craftItem.270":7,"stat.breakItem.269":6,"stat.useItem.3":59,"stat.craftItem.271":8,"stat.damageDealt":1243,"stat.craftItem.269":10,"stat.useItem.17":2,"stat.useItem.270":320,"stat.useItem.13":3,"stat.mineBlock.31":60,"stat.diveOneCm":27254,"gettingstartedwithgt":7,"stat.useItem.271":262}