{"stat.craftItem.autogen.etfuturum:white_bed":1,"stat.entityKilledBy.SpecialMobs.CursedEnderman":1,"stat.useItem.397":1,"stat.walkOneCm":323401,"stat.useItem.autogen.Natura:BerryBush":40,"stat.mineBlock.82":32,"stat.mineBlock.autogen.Natura:BerryBush":40,"stat.useItem.autogen.etfuturum:white_bed":1,"stat.mineBlock.18":65,"stat.mineBlock.17":204,"stat.jump":414,"stat.entityKilledBy.SpecialMobs.DeathCreeper":1,"stat.swimOneCm":10401,"stat.fallOneCm":6954,"stat.mineBlock.autogen.OpenBlocks:grave":4,"stat.craftItem.171":4,"achievement.buildWorkBench":1,"achievement.mineWood":202,"gtpp.start":5,"stat.entityKilledBy.SpecialMobs.GiantZombie":1,"achievement.exploreAllBiomes":{"value":0,"progress":["Dead Forest","Meadow","Temperate River","Shield","Temperate Forest","Highland"]},"stat.mineBlock.54":1,"stat.mineBlock.12":118,"stat.entityKilledBy.SpecialMobs.FireZombie":1,"stat.breakItem.271":3,"stat.craftItem.85":2,"achievement.openInventory":39,"stat.craftItem.5":68,"stat.craftItem.280":36,"stat.damageTaken":2956,"stat.mineBlock.3":60,"stat.mobKills":6,"stat.craftItem.autogen.gregtech:gt.metatool.01":1,"stat.useItem.autogen.IC2:blockRubSapling":1,"stat.useItem.autogen.harvestcraft:berrygarden":1,"stat.mineBlock.35":1,"stat.useItem.54":3,"stat.flyOneCm":202042,"stat.useItem.6":30,"stat.deaths":4,"stat.drop":21,"stat.useItem.50":1,"stat.useItem.269":186,"stat.playOneMinute":78677,"stat.mineBlock.autogen.BiomesOPlenty:plants":1,"stat.mineBlock.autogen.BiomesOPlenty:foliage":4,"stat.killEntity.Sheep":6,"stat.craftItem.54":1,"stat.craftItem.270":1,"stat.useItem.3":20,"stat.craftItem.271":4,"stat.damageDealt":848,"stat.craftItem.269":7,"stat.useItem.17":2,"stat.mineBlock.31":36,"stat.diveOneCm":12755,"gettingstartedwithgt":1,"stat.useItem.271":212}