{"stat.useItem.397":4,"stat.breakItem.290":11,"stat.walkOneCm":515534,"stat.craftItem.268":1,"achievement.buildHoe":21,"stat.leaveGame":1,"stat.mineBlock.175":21,"stat.mineBlock.autogen.harvestcraft:berrygarden":1,"stat.mineBlock.82":45,"stat.mineBlock.autogen.Natura:BerryBush":1,"stat.mineBlock.13":82,"stat.mineBlock.18":18,"stat.mineBlock.17":60,"stat.swimOneCm":16759,"stat.jump":677,"stat.fallOneCm":26472,"stat.climbOneCm":370,"stat.mineBlock.autogen.OpenBlocks:grave":4,"stat.craftItem.290":11,"achievement.buildWorkBench":2,"achievement.buildSword":1,"achievement.mineWood":55,"gtpp.start":1,"stat.mineBlock.50":1,"stat.useItem.290":143,"stat.entityKilledBy.SpecialMobs.GiantZombie":1,"achievement.exploreAllBiomes":{"value":0,"progress":["Garden","Temperate River","Shield","Eerie","Temperate Forest","Redwood Forest","Highland"]},"stat.useItem.35":1,"stat.mineBlock.12":23,"stat.useItem.autogen.BiomesOPlenty:food":1,"stat.entityKilledBy.SpecialMobs.FireZombie":2,"achievement.openInventory":42,"stat.craftItem.5":94,"stat.craftItem.280":40,"stat.damageTaken":5028,"stat.entityKilledBy.SpecialMobs.GravityCreeper":1,"stat.mineBlock.3":87,"stat.mobKills":5,"stat.useItem.54":1,"stat.flyOneCm":256765,"stat.craftItem.58":2,"stat.useItem.6":14,"stat.deaths":6,"stat.drop":36,"stat.useItem.50":2,"achievement.buildPickaxe":1,"stat.useItem.269":184,"stat.useItem.268":7,"stat.playOneMinute":76018,"stat.entityKilledBy.Zombie":1,"stat.mineBlock.autogen.BiomesOPlenty:foliage":157,"stat.mineBlock.autogen.BiomesOPlenty:plants":1,"stat.killEntity.Sheep":5,"stat.useItem.5":12,"stat.craftItem.270":1,"stat.breakItem.269":1,"stat.useItem.3":76,"stat.craftItem.271":1,"stat.damageDealt":655,"stat.craftItem.269":1,"stat.mineBlock.30":3,"stat.diveOneCm":11481,"stat.mineBlock.31":300,"stat.useItem.58":2,"gettingstartedwithgt":1,"stat.useItem.271":72,"stat.useItem.392":6}