{"stat.craftItem.autogen.etfuturum:white_bed":1,"stat.entityKilledBy.SpecialMobs.CursedEnderman":1,"stat.useItem.397":5,"stat.walkOneCm":992339,"stat.useItem.61":1,"stat.useItem.autogen.Natura:BerryBush":40,"stat.craftItem.61":1,"stat.craftItem.67":12,"stat.mineBlock.175":3,"stat.mineBlock.82":32,"stat.mineBlock.autogen.Natura:BerryBush":40,"stat.mineBlock.13":73,"stat.useItem.autogen.etfuturum:white_bed":3,"stat.mineBlock.18":89,"stat.mineBlock.17":255,"stat.jump":1132,"stat.entityKilledBy.SpecialMobs.DeathCreeper":1,"stat.swimOneCm":32151,"stat.fallOneCm":22197,"stat.mineBlock.autogen.OpenBlocks:grave":10,"stat.craftItem.171":4,"achievement.buildWorkBench":1,"achievement.mineWood":256,"stat.craftItem.1":20,"gtpp.start":11,"stat.mineBlock.50":3,"stat.entityKilledBy.SpecialMobs.GiantZombie":1,"achievement.exploreAllBiomes":{"value":0,"progress":["Dead Forest","Meadow","Temperate River","Shield","Temperate Forest","Highland"]},"stat.mineBlock.54":1,"stat.mineBlock.12":128,"stat.entityKilledBy.SpecialMobs.FireZombie":1,"stat.breakItem.270":5,"stat.craftItem.autogen.TConstruct:trap.barricade.oak":2,"stat.breakItem.271":3,"stat.craftItem.85":4,"achievement.openInventory":117,"stat.craftItem.5":214,"stat.craftItem.280":98,"stat.entityKilledBy.SpecialMobs.JumpingCreeper":1,"stat.damageTaken":7451,"stat.mineBlock.4":71,"stat.mineBlock.3":237,"stat.mineBlock.1":357,"stat.mobKills":8,"stat.mineBlock.autogen.gregtech:gt.blockores":3,"stat.killEntity.SpecialMobs.PoisonSkeleton":1,"stat.craftItem.autogen.gregtech:gt.metatool.01":1,"stat.useItem.autogen.IC2:blockRubSapling":1,"stat.useItem.autogen.harvestcraft:berrygarden":1,"stat.mineBlock.35":1,"stat.useItem.54":5,"achievement.buildFurnace":2,"stat.flyOneCm":413004,"stat.useItem.6":86,"stat.deaths":10,"stat.drop":91,"stat.useItem.50":6,"stat.useItem.269":471,"achievement.buildPickaxe":12,"stat.playOneMinute":222502,"stat.mineBlock.autogen.BiomesOPlenty:plants":1,"stat.mineBlock.autogen.BiomesOPlenty:foliage":31,"stat.entityKilledBy.Zombie":4,"stat.killEntity.Sheep":6,"stat.useItem.4":1603,"stat.craftItem.54":4,"stat.craftItem.270":7,"stat.breakItem.269":8,"stat.useItem.3":59,"stat.craftItem.271":8,"stat.damageDealt":1508,"stat.killEntity.Zombie":1,"stat.craftItem.269":10,"stat.useItem.17":2,"stat.useItem.270":438,"stat.useItem.13":3,"stat.mineBlock.31":63,"stat.diveOneCm":28338,"gettingstartedwithgt":7,"stat.useItem.271":268}